Title Number,Title Name
Title 1,Check if given Binary Tree is Height Balanced or Not
Title 2,Old Tax Regime vs New Tax Regime. Which One You Should Choose?
Title 3,Number of leaf nodes
Title 4,Top 10 Python Libraries for Data Science in 2023
Title 5,Height of Binary Tree
Title 6,Difference between Web Designer and Web Developer
Title 7,Check if all rows of a matrix are circular rotations of each other
Title 8,Best Books to Learn Front-End Web Development
Title 9,Find the row with maximum number of 1's
Title 10,Top 5 HTML/CSS Projects For Beginners
Title 11,Difference between Authority and Power
Title 12,C File Pointer
Title 13,Pre-Decrement and Post-Decrement in C
Title 14,Casting Operators in C++
Title 15,%d in C
Title 16,Newline in C
Title 17,How to Reset a File Input in React.js ?
Title 18,How to Hide Option in Select Menu with CSS ?
Title 19,Javascript Scope
Title 20,Responsive Breakpoints as Components in Tailwind CSS
Title 21,How to Set Height Equal to Dynamic Width (CSS fluid layout) in JavaScript ?
Title 22,How to Change Font Size using drop-down List in JavaScript ?
Title 23,Dense and Sparse Array in JavaScript
Title 24,What does OR Operator || in a Statement in JavaScript ?
Title 25,How to Prevent the Display of “Getting Framed” in HTML ?
Title 1,#2 Tips & Tricks for Competitive Programming
Title 2,Check if given Binary Tree is Height Balanced or Not
Title 3,Old Tax Regime vs New Tax Regime. Which One You Should Choose?
Title 4,Number of leaf nodes
Title 5,Top 10 Python Libraries for Data Science in 2023
Title 6,Height of Binary Tree
Title 7,Difference between Web Designer and Web Developer
Title 8,Check if all rows of a matrix are circular rotations of each other
Title 9,Best Books to Learn Front-End Web Development
Title 10,Find the row with maximum number of 1's
Title 11,How to Disable Submit Button on Form Submit in JavaScript ?
Title 12,Enums in JavaScript
Title 13,Next.ls next.config.js File
Title 14,Bulma-start Introduction
Title 15,"No ‘Access-Control-Allow-Origin’ header is present on the requested resource Error, while Postman does not?"
Title 16,Why is Lexical Scoping Important ?
Title 17,Encapsulation in JavaScript
Title 18,React MUI Default Theme
Title 19,Explain Controls in CherryFramework
Title 20,How to Use ChatGPT to Write Excel Formulas?
Title 21,nVent Interview Experience for Software Engineer
Title 22,Deogiri Institute Of Engineering And Management Studies Aurangabad Campus Experience
Title 23,Financial Statement with Adjustment-Loss of Insured Goods & Assets (All three cases)
Title 24,Flutter – Autocomplete Widget
Title 25,Invasive and Non-Invasive Frameworks in Java
Title 1,#2 Tips & Tricks for Competitive Programming
Title 2,Check if given Binary Tree is Height Balanced or Not
Title 3,Old Tax Regime vs New Tax Regime. Which One You Should Choose?
Title 4,Number of leaf nodes
Title 5,Top 10 Python Libraries for Data Science in 2023
Title 6,Height of Binary Tree
Title 7,Difference between Web Designer and Web Developer
Title 8,Check if all rows of a matrix are circular rotations of each other
Title 9,Best Books to Learn Front-End Web Development
Title 10,Find the row with maximum number of 1's
Title 11,How to Work with Databases using Spring Boot?
Title 12,Type-Safety and Type-Casting in Java Generics
Title 13,Spring Cloud Gateway
Title 14,"Authority: Concept, Sources, and Scope"
Title 15,Accenture Interview Experience 2023
Title 16,Wells Fargo Fiasco Interview Experience
Title 17,Jio Platforms Limited Interview Experience 2023
Title 18,HCL Technologies Interview Experience for Graduate Engineer Trainee
Title 19,Accounting Treatment of Revaluation of Assets and Liabilities in case of Admission of a Partner
Title 20,Record Patten with Switch in Java 19
Title 21,How to Check if An App is In Dark Mode and Change it To Light Mode in Android?
Title 22,How to Make an Motivational Quotes App in Android using API Call?
Title 23,How to Add an Icon Inside an AlertDialog in Android?
Title 24,How to Make a Joke App in Android Using API Call?
Title 25,How to Set Buttons Inside an Alert Dialog in Android?
Title 1,#2 Tips & Tricks for Competitive Programming
Title 2,Check if given Binary Tree is Height Balanced or Not
Title 3,Old Tax Regime vs New Tax Regime. Which One You Should Choose?
Title 4,Number of leaf nodes
Title 5,Top 10 Python Libraries for Data Science in 2023
Title 6,Height of Binary Tree
Title 7,Difference between Web Designer and Web Developer
Title 8,Check if all rows of a matrix are circular rotations of each other
Title 9,Best Books to Learn Front-End Web Development
Title 10,Find the row with maximum number of 1's
Title 11,How to Share Your ChatGPT Conversation Without Revealing Your Identity
Title 12,Top 20 Artificial Intelligence(AI) Applications in 2023
Title 13,Japan Privacy Watchdog Warns ChatGPT-Maker OpenAI on User Data
Title 14,Difference between Authority and Power
Title 15,C File Pointer
Title 16,Pre-Decrement and Post-Decrement in C
Title 17,Casting Operators in C++
Title 18,%d in C
Title 19,Newline in C
Title 20,How to Reset a File Input in React.js ?
Title 21,How to Hide Option in Select Menu with CSS ?
Title 22,Javascript Scope
Title 23,Responsive Breakpoints as Components in Tailwind CSS
Title 24,How to Set Height Equal to Dynamic Width (CSS fluid layout) in JavaScript ?
Title 1,#2 Tips & Tricks for Competitive Programming
Title 2,Check if given Binary Tree is Height Balanced or Not
Title 3,Old Tax Regime vs New Tax Regime. Which One You Should Choose?
Title 4,Number of leaf nodes
Title 5,Top 10 Python Libraries for Data Science in 2023
Title 6,Height of Binary Tree
Title 7,Difference between Web Designer and Web Developer
Title 8,Check if all rows of a matrix are circular rotations of each other
Title 9,Best Books to Learn Front-End Web Development
Title 10,Find the row with maximum number of 1's
Title 11,How to Change Font Size using drop-down List in JavaScript ?
Title 12,Dense and Sparse Array in JavaScript
Title 13,What does OR Operator || in a Statement in JavaScript ?
Title 14,How to Prevent the Display of “Getting Framed” in HTML ?
Title 15,How to Catch and Parse Errors Properly in React form Submission Handler ?
Title 16,Boost Your Web Design Skills with Powerful CSS Frameworks
Title 17,How to Get Browser to Navigate URL in JavaScript ?
Title 18,How to Check if an Object has a Specific Property in JavaScript ?
Title 19,JavaScript or Ruby – Which is Best for Beginners ?
Title 20,How to Change Border Width of Div in JavaScript ?
Title 21,How to Add Border on Only One Side in Shorter Way in CSS ?
Title 22,How to Update Properties of Pseudo Element :after and :before using Javascript ?
Title 23,What is the Role of Ignoring Case RegExp in JavaScript ?
Title 24,Maximum Call Stack Size Exceeded Error
Title 25,Next.js Reducing JavaScript Size
Title 1,#2 Tips & Tricks for Competitive Programming
Title 2,Check if given Binary Tree is Height Balanced or Not
Title 3,Old Tax Regime vs New Tax Regime. Which One You Should Choose?
Title 4,Number of leaf nodes
Title 5,Top 10 Python Libraries for Data Science in 2023
Title 6,Height of Binary Tree
Title 7,Difference between Web Designer and Web Developer
Title 8,Check if all rows of a matrix are circular rotations of each other
Title 9,Best Books to Learn Front-End Web Development
Title 10,Find the row with maximum number of 1's
Title 11,How to use Tailwind @apply in CSS Modules in Next.js ?
Title 12,How to add HTML and CSS into PDF File ?
Title 13,How CSS Styles Conflicts Between Selectors ?
Title 14,How to Select First and Last <td> in a Row with CSS ?
Title 15,What are the Equivalent of printf/String.Format in JavaScript ?
Title 16,"Top 10 Important Features, Libraries and Frameworks for Building React Applications"
Title 17,Less.js Nested At-Rules and Bubbling
Title 18,How to Make Menu Dropdown on Hover using Bootstrap ?
Title 19,React MUI TypeScript
Title 20,How to Preserve Readability of Text When Font Fallback Occurs with JavaScript ?
Title 21,React Suite Tooltip Whisper Methods
Title 22,Different Types of DOM Available to Access and Modify Content in JavaScript
Title 23,Bootstrap 5 UtilitiesToggle visibility
Title 24,Lazy Loading in React and How to Implement it ?
Title 25,Browser Isolation
Title 1,#2 Tips & Tricks for Competitive Programming
Title 2,Check if given Binary Tree is Height Balanced or Not
Title 3,Old Tax Regime vs New Tax Regime. Which One You Should Choose?
Title 4,Number of leaf nodes
Title 5,Top 10 Python Libraries for Data Science in 2023
Title 6,Height of Binary Tree
Title 7,Difference between Web Designer and Web Developer
Title 8,Check if all rows of a matrix are circular rotations of each other
Title 9,Best Books to Learn Front-End Web Development
Title 10,Find the row with maximum number of 1's
Title 11,Express Returns Servers HTML Error Page Instead of res.json Error Message
Title 12,"Stream Netflix Videos for Free using IMDB, TMDB and 2Embed APIs"
Title 13,How to Escape Ampersands in XML to Rendered as Entities ?
Title 14,How to Fixed an Element to Center in Tailwind CSS ?
Title 15,How to Solve “Default Colors Not Working” Issue in Tailwind CSS ?
Title 16,Getting Started with Redux – Simplifying State Management in React
Title 17,How to Add Onclick Effect using CSS ?
Title 18,Tweet using Node.js and Twitter API
Title 19,How to Reference a Specific Object to Pass Down as Properties in ReactJS ?
Title 20,How Proxy Backend Server using React.js ?
Title 21,Using Primer CSS – A Simple and Transparent CSS Library for Web Development
Title 22,How to Implement ACL with Passport using Node.js ?
Title 23,JavaScript Intl.NumberFormat() Constructor
Title 24,Chain Rule : Aptitude Questions and Answers
Title 25,Difference Between Cytoplasm And Protoplasm
Title 1,#2 Tips & Tricks for Competitive Programming
Title 2,Check if given Binary Tree is Height Balanced or Not
Title 3,Old Tax Regime vs New Tax Regime. Which One You Should Choose?
Title 4,Number of leaf nodes
Title 5,Top 10 Python Libraries for Data Science in 2023
Title 6,Height of Binary Tree
Title 7,Difference between Web Designer and Web Developer
Title 8,Check if all rows of a matrix are circular rotations of each other
Title 9,Best Books to Learn Front-End Web Development
Title 10,Find the row with maximum number of 1's
Title 11,Best WordPress Migration Plugins
Title 12,Difference Between aid and aide
Title 13,Difference Between awhile and a-while
Title 14,Alliance University Bangalore Campus Experience
Title 15,GMR Institute of Technology (GMRIT) Campus Experience
Title 16,CMR College of Engineering & Technology (CMRCET) Admission Experience
Title 17,Truba Institute of Engineering and Information Technology (TIEIT) Bhopal Admission Experience
Title 18,National Institute of Technology (NIT) Srinagar Admission Experience
Title 19,Educative Interview Experience for TCE
Title 20,Salesforce Interview Experience
Title 21,Deloitte Interview Experience for Data Analyst
Title 22,WatchGuard Interview Experience (On-Campus)
Title 23,Virtusa Interview Experience for Through Neural Hack Season 6
Title 24,Pitney Bowes Interview Experience for Software Developer
Title 25,Scale Interview Experience for Full stack Developer
